Workbook

Sheet DevMecca SS PCI Export
A1: Jurisdiction | B1: County | C1: PCI | D1: Date
A2: alamedaci | B2: Alameda County | C2: 67 | D2: 44926
A3: alamedaci | B3: Alameda County | C3: 65 | D3: 45291
A4: alamedaci | B4: Alameda County | C4: 64 | D4: 45657
A5: alamedaci | B5: Alameda County | C5: 63 | D5: 45853
A6: alamedaco | B6: Alameda County | C6: 74 | D6: 44926
A7: alamedaco | B7: Alameda County | C7: 72 | D7: 45291
A8: alamedaco | B8: Alameda County | C8: 74 | D8: 45657
A9: alamedaco | B9: Alameda County | C9: 73 | D9: 45853
A10: albanyci | B10: Alameda County | C10: 59 | D10: 44926
A11: albanyci | B11: Alameda County | C11: 58 | D11: 45291
A12: albanyci | B12: Alameda County | C12: 59 | D12: 45657
A13: albanyci | B13: Alameda County | C13: 58 | D13: 45853
... A437: yountvilleci | B437: Napa County | C437: 79 | D437: 45853

Sheet SS PCI PivotTable
A3: Average of PCI | B3: Column Labels
A4: Row Labels | B4: 44926 | C4: 45291 | D4: 45657 | E4: 45853 | F4: Average over 4 years
A5: alamedaci | B5: 67 | C5: 65 | D5: 64 | E5: 63 | F5: 64.75
A6: alamedaco | B6: 74 | C6: 72 | D6: 74 | E6: 73 | F6: 73.25
A7: albanyci | B7: 59 | C7: 58 | D7: 59 | E7: 58 | F7: 58.5
A8: AmericanCanyonci | B8: 60 | C8: 59 | D8: 56 | E8: 55 | F8: 57.5
A9: antiochci | B9: 65 | C9: 63 | D9: 61 | E9: 60 | F9: 62.25
A10: athertonci | B10: 75 | C10: 73 | D10: 79 | E10: 78 | F10: 76.25
A11: Belmontci | B11: 65 | C11: 68 | D11: 70 | E11: 69 | F11: 68
A12: belvedereci | B12: 70 | C12: 73 | D12: 72 | E12: 71 | F12: 71.5
A13: beniciaci | B13: 52 | C13: 55 | D13: 53 | E13: 52 | F13: 53
A14: berkeleyci | B14: 56 | C14: 55 | D14: 57 | E14: 56 | F14: 56
A15: brentwoodci | B15: 79 | C15: 78 | D15: 76 | E15: 75 | F15: 77
A16: brisbaneci | B16: 74 | C16: 72 | D16: 71 | E16: 69 | F16: 71.5
... A114: Average over 4 years | B114: 67.899083 | C114: 67.954128 | D114: 67.761468 | E114: 66.761468 | F114: 67.594037

Sheet MTC Regional PCIs 2022-2025
A1: Jurisdiction | B1: County | C1: 12/31/2022 PCI | D1: 12/31/2023 PCI | E1: 12/31/2024 PCI | F1: 7/15/2025 PCI | G1: PCI Average 2022-2024 | H1: PCI Average 2023-2025 | I1: Average is Greater than Latest | J1: DIFFERENCE 2022-24 Average minus 2025
A2: alamedaci | B2: =INDEX('DevMecca SS PCI Export'!$B:$B,MATCH('MTC Regional PCIs 2022-2025'!$A2,'DevMecca SS PCI Export'!$A:$A,0)) -> Alameda County | C2: =INDEX('SS PCI PivotTable'!$B:$B,MATCH('MTC Regional PCIs 2022-2025'!$A2,'SS PCI PivotTable'!$A:$A,0)) -> 67 | D2: =INDEX('SS PCI PivotTable'!$C:$C,MATCH('MTC Regional PCIs 2022-2025'!$A2,'SS PCI PivotTable'!$A:$A,0)) -> 65 | E2: =INDEX('SS PCI PivotTable'!$D:$D,MATCH('MTC Regional PCIs 2022-2025'!$A2,'SS PCI PivotTable'!$A:$A,0)) -> 64 | F2: =INDEX('SS PCI PivotTable'!$E:$E,MATCH('MTC Regional PCIs 2022-2025'!$A2,'SS PCI PivotTable'!$A:$A,0)) -> 63 | G2: =AVERAGE($C2:$E2) -> 65.333333 | H2: =AVERAGE($D2:$F2) -> 64 | I2: =IF($G2>$F2,"TRUE","FALSE") -> TRUE | J2: =$G2-$F2 -> 2.3333333
A3: alamedaco | B3: =INDEX('DevMecca SS PCI Export'!$B:$B,MATCH('MTC Regional PCIs 2022-2025'!$A3,'DevMecca SS PCI Export'!$A:$A,0)) -> Alameda County | C3: =INDEX('SS PCI PivotTable'!$B:$B,MATCH('MTC Regional PCIs 2022-2025'!$A3,'SS PCI PivotTable'!$A:$A,0)) -> 74 | D3: =INDEX('SS PCI PivotTable'!$C:$C,MATCH('MTC Regional PCIs 2022-2025'!$A3,'SS PCI PivotTable'!$A:$A,0)) -> 72 | E3: =INDEX('SS PCI PivotTable'!$D:$D,MATCH('MTC Regional PCIs 2022-2025'!$A3,'SS PCI PivotTable'!$A:$A,0)) -> 74 | F3: =INDEX('SS PCI PivotTable'!$E:$E,MATCH('MTC Regional PCIs 2022-2025'!$A3,'SS PCI PivotTable'!$A:$A,0)) -> 73 | G3: =AVERAGE($C3:$E3) -> 73.333333 | H3: =AVERAGE($D3:$F3) -> 73 | I3: =IF($G3>$F3,"TRUE","FALSE") -> TRUE | J3: =$G3-$F3 -> 0.33333333
A4: albanyci | B4: =INDEX('DevMecca SS PCI Export'!$B:$B,MATCH('MTC Regional PCIs 2022-2025'!$A4,'DevMecca SS PCI Export'!$A:$A,0)) -> Alameda County | C4: =INDEX('SS PCI PivotTable'!$B:$B,MATCH('MTC Regional PCIs 2022-2025'!$A4,'SS PCI PivotTable'!$A:$A,0)) -> 59 | D4: =INDEX('SS PCI PivotTable'!$C:$C,MATCH('MTC Regional PCIs 2022-2025'!$A4,'SS PCI PivotTable'!$A:$A,0)) -> 58 | E4: =INDEX('SS PCI PivotTable'!$D:$D,MATCH('MTC Regional PCIs 2022-2025'!$A4,'SS PCI PivotTable'!$A:$A,0)) -> 59 | F4: =INDEX('SS PCI PivotTable'!$E:$E,MATCH('MTC Regional PCIs 2022-2025'!$A4,'SS PCI PivotTable'!$A:$A,0)) -> 58 | G4: =AVERAGE($C4:$E4) -> 58.666667 | H4: =AVERAGE($D4:$F4) -> 58.333333 | I4: =IF($G4>$F4,"TRUE","FALSE") -> TRUE | J4: =$G4-$F4 -> 0.66666667
A5: AmericanCanyonci | B5: =INDEX('DevMecca SS PCI Export'!$B:$B,MATCH('MTC Regional PCIs 2022-2025'!$A5,'DevMecca SS PCI Export'!$A:$A,0)) -> Napa County | C5: =INDEX('SS PCI PivotTable'!$B:$B,MATCH('MTC Regional PCIs 2022-2025'!$A5,'SS PCI PivotTable'!$A:$A,0)) -> 60 | D5: =INDEX('SS PCI PivotTable'!$C:$C,MATCH('MTC Regional PCIs 2022-2025'!$A5,'SS PCI PivotTable'!$A:$A,0)) -> 59 | E5: =INDEX('SS PCI PivotTable'!$D:$D,MATCH('MTC Regional PCIs 2022-2025'!$A5,'SS PCI PivotTable'!$A:$A,0)) -> 56 | F5: =INDEX('SS PCI PivotTable'!$E:$E,MATCH('MTC Regional PCIs 2022-2025'!$A5,'SS PCI PivotTable'!$A:$A,0)) -> 55 | G5: =AVERAGE($C5:$E5) -> 58.333333 | H5: =AVERAGE($D5:$F5) -> 56.666667 | I5: =IF($G5>$F5,"TRUE","FALSE") -> TRUE | J5: =$G5-$F5 -> 3.3333333
A6: antiochci | B6: =INDEX('DevMecca SS PCI Export'!$B:$B,MATCH('MTC Regional PCIs 2022-2025'!$A6,'DevMecca SS PCI Export'!$A:$A,0)) -> Contra Costa County | C6: =INDEX('SS PCI PivotTable'!$B:$B,MATCH('MTC Regional PCIs 2022-2025'!$A6,'SS PCI PivotTable'!$A:$A,0)) -> 65 | D6: =INDEX('SS PCI PivotTable'!$C:$C,MATCH('MTC Regional PCIs 2022-2025'!$A6,'SS PCI PivotTable'!$A:$A,0)) -> 63 | E6: =INDEX('SS PCI PivotTable'!$D:$D,MATCH('MTC Regional PCIs 2022-2025'!$A6,'SS PCI PivotTable'!$A:$A,0)) -> 61 | F6: =INDEX('SS PCI PivotTable'!$E:$E,MATCH('MTC Regional PCIs 2022-2025'!$A6,'SS PCI PivotTable'!$A:$A,0)) -> 60 | G6: =AVERAGE($C6:$E6) -> 63 | H6: =AVERAGE($D6:$F6) -> 61.333333 | I6: =IF($G6>$F6,"TRUE","FALSE") -> TRUE | J6: =$G6-$F6 -> 3
A7: athertonci | B7: =INDEX('DevMecca SS PCI Export'!$B:$B,MATCH('MTC Regional PCIs 2022-2025'!$A7,'DevMecca SS PCI Export'!$A:$A,0)) -> San Mateo County | C7: =INDEX('SS PCI PivotTable'!$B:$B,MATCH('MTC Regional PCIs 2022-2025'!$A7,'SS PCI PivotTable'!$A:$A,0)) -> 75 | D7: =INDEX('SS PCI PivotTable'!$C:$C,MATCH('MTC Regional PCIs 2022-2025'!$A7,'SS PCI PivotTable'!$A:$A,0)) -> 73 | E7: =INDEX('SS PCI PivotTable'!$D:$D,MATCH('MTC Regional PCIs 2022-2025'!$A7,'SS PCI PivotTable'!$A:$A,0)) -> 79 | F7: =INDEX('SS PCI PivotTable'!$E:$E,MATCH('MTC Regional PCIs 2022-2025'!$A7,'SS PCI PivotTable'!$A:$A,0)) -> 78 | G7: =AVERAGE($C7:$E7) -> 75.666667 | H7: =AVERAGE($D7:$F7) -> 76.666667 | I7: =IF($G7>$F7,"TRUE","FALSE") -> FALSE | J7: =$G7-$F7 -> -2.3333333
A8: Belmontci | B8: =INDEX('DevMecca SS PCI Export'!$B:$B,MATCH('MTC Regional PCIs 2022-2025'!$A8,'DevMecca SS PCI Export'!$A:$A,0)) -> San Mateo County | C8: =INDEX('SS PCI PivotTable'!$B:$B,MATCH('MTC Regional PCIs 2022-2025'!$A8,'SS PCI PivotTable'!$A:$A,0)) -> 65 | D8: =INDEX('SS PCI PivotTable'!$C:$C,MATCH('MTC Regional PCIs 2022-2025'!$A8,'SS PCI PivotTable'!$A:$A,0)) -> 68 | E8: =INDEX('SS PCI PivotTable'!$D:$D,MATCH('MTC Regional PCIs 2022-2025'!$A8,'SS PCI PivotTable'!$A:$A,0)) -> 70 | F8: =INDEX('SS PCI PivotTable'!$E:$E,MATCH('MTC Regional PCIs 2022-2025'!$A8,'SS PCI PivotTable'!$A:$A,0)) -> 69 | G8: =AVERAGE($C8:$E8) -> 67.666667 | H8: =AVERAGE($D8:$F8) -> 69 | I8: =IF($G8>$F8,"TRUE","FALSE") -> FALSE | J8: =$G8-$F8 -> -1.3333333
A9: belvedereci | B9: =INDEX('DevMecca SS PCI Export'!$B:$B,MATCH('MTC Regional PCIs 2022-2025'!$A9,'DevMecca SS PCI Export'!$A:$A,0)) -> Marin County | C9: =INDEX('SS PCI PivotTable'!$B:$B,MATCH('MTC Regional PCIs 2022-2025'!$A9,'SS PCI PivotTable'!$A:$A,0)) -> 70 | D9: =INDEX('SS PCI PivotTable'!$C:$C,MATCH('MTC Regional PCIs 2022-2025'!$A9,'SS PCI PivotTable'!$A:$A,0)) -> 73 | E9: =INDEX('SS PCI PivotTable'!$D:$D,MATCH('MTC Regional PCIs 2022-2025'!$A9,'SS PCI PivotTable'!$A:$A,0)) -> 72 | F9: =INDEX('SS PCI PivotTable'!$E:$E,MATCH('MTC Regional PCIs 2022-2025'!$A9,'SS PCI PivotTable'!$A:$A,0)) -> 71 | G9: =AVERAGE($C9:$E9) -> 71.666667 | H9: =AVERAGE($D9:$F9) -> 72 | I9: =IF($G9>$F9,"TRUE","FALSE") -> TRUE | J9: =$G9-$F9 -> 0.66666667
A10: beniciaci | B10: =INDEX('DevMecca SS PCI Export'!$B:$B,MATCH('MTC Regional PCIs 2022-2025'!$A10,'DevMecca SS PCI Export'!$A:$A,0)) -> Solano County | C10: =INDEX('SS PCI PivotTable'!$B:$B,MATCH('MTC Regional PCIs 2022-2025'!$A10,'SS PCI PivotTable'!$A:$A,0)) -> 52 | D10: =INDEX('SS PCI PivotTable'!$C:$C,MATCH('MTC Regional PCIs 2022-2025'!$A10,'SS PCI PivotTable'!$A:$A,0)) -> 55 | E10: =INDEX('SS PCI PivotTable'!$D:$D,MATCH('MTC Regional PCIs 2022-2025'!$A10,'SS PCI PivotTable'!$A:$A,0)) -> 53 | F10: =INDEX('SS PCI PivotTable'!$E:$E,MATCH('MTC Regional PCIs 2022-2025'!$A10,'SS PCI PivotTable'!$A:$A,0)) -> 52 | G10: =AVERAGE($C10:$E10) -> 53.333333 | H10: =AVERAGE($D10:$F10) -> 53.333333 | I10: =IF($G10>$F10,"TRUE","FALSE") -> TRUE | J10: =$G10-$F10 -> 1.3333333
A11: berkeleyci | B11: =INDEX('DevMecca SS PCI Export'!$B:$B,MATCH('MTC Regional PCIs 2022-2025'!$A11,'DevMecca SS PCI Export'!$A:$A,0)) -> Alameda County | C11: =INDEX('SS PCI PivotTable'!$B:$B,MATCH('MTC Regional PCIs 2022-2025'!$A11,'SS PCI PivotTable'!$A:$A,0)) -> 56 | D11: =INDEX('SS PCI PivotTable'!$C:$C,MATCH('MTC Regional PCIs 2022-2025'!$A11,'SS PCI PivotTable'!$A:$A,0)) -> 55 | E11: =INDEX('SS PCI PivotTable'!$D:$D,MATCH('MTC Regional PCIs 2022-2025'!$A11,'SS PCI PivotTable'!$A:$A,0)) -> 57 | F11: =INDEX('SS PCI PivotTable'!$E:$E,MATCH('MTC Regional PCIs 2022-2025'!$A11,'SS PCI PivotTable'!$A:$A,0)) -> 56 | G11: =AVERAGE($C11:$E11) -> 56 | H11: =AVERAGE($D11:$F11) -> 56 | I11: =IF($G11>$F11,"TRUE","FALSE") -> FALSE | J11: =$G11-$F11 -> 0
A12: brentwoodci | B12: =INDEX('DevMecca SS PCI Export'!$B:$B,MATCH('MTC Regional PCIs 2022-2025'!$A12,'DevMecca SS PCI Export'!$A:$A,0)) -> Contra Costa County | C12: =INDEX('SS PCI PivotTable'!$B:$B,MATCH('MTC Regional PCIs 2022-2025'!$A12,'SS PCI PivotTable'!$A:$A,0)) -> 79 | D12: =INDEX('SS PCI PivotTable'!$C:$C,MATCH('MTC Regional PCIs 2022-2025'!$A12,'SS PCI PivotTable'!$A:$A,0)) -> 78 | E12: =INDEX('SS PCI PivotTable'!$D:$D,MATCH('MTC Regional PCIs 2022-2025'!$A12,'SS PCI PivotTable'!$A:$A,0)) -> 76 | F12: =INDEX('SS PCI PivotTable'!$E:$E,MATCH('MTC Regional PCIs 2022-2025'!$A12,'SS PCI PivotTable'!$A:$A,0)) -> 75 | G12: =AVERAGE($C12:$E12) -> 77.666667 | H12: =AVERAGE($D12:$F12) -> 76.333333 | I12: =IF($G12>$F12,"TRUE","FALSE") -> TRUE | J12: =$G12-$F12 -> 2.6666667
A13: brisbaneci | B13: =INDEX('DevMecca SS PCI Export'!$B:$B,MATCH('MTC Regional PCIs 2022-2025'!$A13,'DevMecca SS PCI Export'!$A:$A,0)) -> San Mateo County | C13: =INDEX('SS PCI PivotTable'!$B:$B,MATCH('MTC Regional PCIs 2022-2025'!$A13,'SS PCI PivotTable'!$A:$A,0)) -> 74 | D13: =INDEX('SS PCI PivotTable'!$C:$C,MATCH('MTC Regional PCIs 2022-2025'!$A13,'SS PCI PivotTable'!$A:$A,0)) -> 72 | E13: =INDEX('SS PCI PivotTable'!$D:$D,MATCH('MTC Regional PCIs 2022-2025'!$A13,'SS PCI PivotTable'!$A:$A,0)) -> 71 | F13: =INDEX('SS PCI PivotTable'!$E:$E,MATCH('MTC Regional PCIs 2022-2025'!$A13,'SS PCI PivotTable'!$A:$A,0)) -> 69 | G13: =AVERAGE($C13:$E13) -> 72.333333 | H13: =AVERAGE($D13:$F13) -> 70.666667 | I13: =IF($G13>$F13,"TRUE","FALSE") -> TRUE | J13: =$G13-$F13 -> 3.3333333
... A110: yountvilleci | B110: =INDEX('DevMecca SS PCI Export'!$B:$B,MATCH('MTC Regional PCIs 2022-2025'!$A110,'DevMecca SS PCI Export'!$A:$A,0)) -> Napa County | C110: =INDEX('SS PCI PivotTable'!$B:$B,MATCH('MTC Regional PCIs 2022-2025'!$A110,'SS PCI PivotTable'!$A:$A,0)) -> 79 | D110: =INDEX('SS PCI PivotTable'!$C:$C,MATCH('MTC Regional PCIs 2022-2025'!$A110,'SS PCI PivotTable'!$A:$A,0)) -> 79 | E110: =INDEX('SS PCI PivotTable'!$D:$D,MATCH('MTC Regional PCIs 2022-2025'!$A110,'SS PCI PivotTable'!$A:$A,0)) -> 80 | F110: =INDEX('SS PCI PivotTable'!$E:$E,MATCH('MTC Regional PCIs 2022-2025'!$A110,'SS PCI PivotTable'!$A:$A,0)) -> 79 | G110: =AVERAGE($C110:$E110) -> 79.333333 | H110: =AVERAGE($D110:$F110) -> 79.333333 | I110: =IF($G110>$F110,"TRUE","FALSE") -> TRUE | J110: =$G110-$F110 -> 0.33333333

Sheet MTC Regional PCIs 2022-2024
A1: Jurisdiction | B1: County | C1: Total Lane Miles | D1: 12/31/2022 PCI | E1: 12/31/2023 PCI | F1: 12/31/2024 PCI | G1: 7/15/2025 PCI | H1: PCI Average 2022-2024 | I1: PCI Average 2023-2025 | J1: Average is Greater than Latest | K1: DIFFERENCE 2022-24 Average minus 2025 | L1: PCI Average 2022-2024 Rounded | M1: Ranking
A2: larkspurci | B2: Marin County | C2: 65.8 | D2: 85 | E2: 89 | F2: 87 | G2: 86 | H2: 87 | I2: =AVERAGE($E2:$G2) -> 87.333333 | J2: =IF($H2>$G2,"TRUE","FALSE") -> TRUE | K2: =$H2-$G2 -> 1 | L2: 87 | M2: Very Good
A3: paloaltoci | B3: Santa Clara County | C3: 414.5 | D3: 83 | E3: 84 | F3: 83 | G3: 82 | H3: 83.333333 | I3: =AVERAGE($E3:$G3) -> 83 | J3: =IF($H3>$G3,"TRUE","FALSE") -> TRUE | K3: =$H3-$G3 -> 1.3333333 | L3: 83.333333 | M3: Very Good
A4: orindaci | B4: Contra Costa County | C4: 189.9 | D4: 84 | E4: 82 | F4: 80 | G4: 80 | H4: 82 | I4: =AVERAGE($E4:$G4) -> 80.666667 | J4: =IF($H4>$G4,"TRUE","FALSE") -> TRUE | K4: =$H4-$G4 -> 2 | L4: 82 | M4: Very Good
A5: cupertinoci | B5: Santa Clara County | C5: 297.7 | D5: 82 | E5: 81 | F5: 82 | G5: 81 | H5: 81.666667 | I5: =AVERAGE($E5:$G5) -> 81.333333 | J5: =IF($H5>$G5,"TRUE","FALSE") -> TRUE | K5: =$H5-$G5 -> 0.66666667 | L5: 81.666667 | M5: Very Good
A6: hillsboroughci | B6: San Mateo County | C6: 166.4 | D6: 80 | E6: 83 | F6: 81 | G6: 79 | H6: 81.333333 | I6: =AVERAGE($E6:$G6) -> 81 | J6: =IF($H6>$G6,"TRUE","FALSE") -> TRUE | K6: =$H6-$G6 -> 2.3333333 | L6: 81.333333 | M6: Very Good
A7: Solanoco | B7: Solano County | C7: 931.6 | D7: 81 | E7: 82 | F7: 80 | G7: 79 | H7: 81 | I7: =AVERAGE($E7:$G7) -> 80.333333 | J7: =IF($H7>$G7,"TRUE","FALSE") -> TRUE | K7: =$H7-$G7 -> 2 | L7: 81 | M7: Very Good
A8: losaltoshillsci | B8: Santa Clara County | C8: 124.4 | D8: 79 | E8: 79 | F8: 81 | G8: 80 | H8: 79.666667 | I8: =AVERAGE($E8:$G8) -> 80 | J8: =IF($H8>$G8,"TRUE","FALSE") -> FALSE | K8: =$H8-$G8 -> -0.33333333 | L8: 79.666667 | M8: Very Good
A9: yountvilleci | B9: Napa County | C9: 16.4 | D9: 79 | E9: 79 | F9: 80 | G9: 79 | H9: 79.333333 | I9: =AVERAGE($E9:$G9) -> 79.333333 | J9: =IF($H9>$G9,"TRUE","FALSE") -> TRUE | K9: =$H9-$G9 -> 0.33333333 | L9: 79.333333 | M9: Good
A10: dalyci | B10: San Mateo County | C10: 256.8 | D10: 79 | E10: 79 | F10: 77 | G10: 76 | H10: 78.333333 | I10: =AVERAGE($E10:$G10) -> 77.333333 | J10: =IF($H10>$G10,"TRUE","FALSE") -> TRUE | K10: =$H10-$G10 -> 2.3333333 | L10: 78.333333 | M10: Good
A11: emeryvilleci | B11: Alameda County | C11: 47.4 | D11: 81 | E11: 79 | F11: 75 | G11: 74 | H11: 78.333333 | I11: =AVERAGE($E11:$G11) -> 76 | J11: =IF($H11>$G11,"TRUE","FALSE") -> TRUE | K11: =$H11-$G11 -> 4.3333333 | L11: 78.333333 | M11: Good
A12: colmaci | B12: San Mateo County | C12: 26.9 | D12: 76 | E12: 74 | F12: 84 | G12: 83 | H12: 78 | I12: =AVERAGE($E12:$G12) -> 80.333333 | J12: =IF($H12>$G12,"TRUE","FALSE") -> FALSE | K12: =$H12-$G12 -> -5 | L12: 78 | M12: Good
A13: danvilleci | B13: Contra Costa County | C13: 324.4 | D13: 77 | E13: 78 | F13: 79 | G13: 78 | H13: 78 | I13: =AVERAGE($E13:$G13) -> 78.333333 | J13: =IF($H13>$G13,"TRUE","FALSE") -> FALSE | K13: =$H13-$G13 -> 0 | L13: 78 | M13: Good
... A110: vallejoci | B110: Solano County | C110: 744.4 | D110: 46 | E110: 43 | F110: 44 | G110: 42 | H110: 44.333333 | I110: =AVERAGE($E110:$G110) -> 43 | J110: =IF($H110>$G110,"TRUE","FALSE") -> TRUE | K110: =$H110-$G110 -> 2.3333333 | L110: 44.333333 | M110: Poor
C111: =SUM(C2:C110) -> 44108.3
C1048576: =SUM(C2:C1048575) -> 88216.6

Sheet MTC Regional PCI AggregateStats
A1: County | B1: County Average PCI | C1: Ranking | E1: Regional Weighted Network PCI
A2: Marin County | B2: =AVERAGEIF('MTC Regional PCIs 2022-2024'!$B:$B,'MTC Regional PCI AggregateStats'!$A2,'MTC Regional PCIs 2022-2024'!$H:$H) -> 68.666667 | C2: Fair | E2: =SUMPRODUCT('MTC Regional PCIs 2022-2024'!$H:$H,'MTC Regional PCIs 2022-2024'!$C:$C)/SUM('MTC Regional PCIs 2022-2024'!$C:$C) -> 16.840177
A3: Santa Clara County | B3: =AVERAGEIF('MTC Regional PCIs 2022-2024'!$B:$B,'MTC Regional PCI AggregateStats'!$A3,'MTC Regional PCIs 2022-2024'!$H:$H) -> 72.5625 | C3: Good
A4: Contra Costa County | B4: =AVERAGEIF('MTC Regional PCIs 2022-2024'!$B:$B,'MTC Regional PCI AggregateStats'!$A4,'MTC Regional PCIs 2022-2024'!$H:$H) -> 68.883333 | C4: Fair
A5: San Mateo County | B5: =AVERAGEIF('MTC Regional PCIs 2022-2024'!$B:$B,'MTC Regional PCI AggregateStats'!$A5,'MTC Regional PCIs 2022-2024'!$H:$H) -> 69.904762 | C5: Fair
A6: Solano County | B6: =AVERAGEIF('MTC Regional PCIs 2022-2024'!$B:$B,'MTC Regional PCI AggregateStats'!$A6,'MTC Regional PCIs 2022-2024'!$H:$H) -> 61.666667 | C6: Fair
A7: Napa County | B7: =AVERAGEIF('MTC Regional PCIs 2022-2024'!$B:$B,'MTC Regional PCI AggregateStats'!$A7,'MTC Regional PCIs 2022-2024'!$H:$H) -> 60.333333 | C7: Fair
A8: Alameda County | B8: =AVERAGEIF('MTC Regional PCIs 2022-2024'!$B:$B,'MTC Regional PCI AggregateStats'!$A8,'MTC Regional PCIs 2022-2024'!$H:$H) -> 67.955556 | C8: Fair
A9: San Francisco County | B9: =AVERAGEIF('MTC Regional PCIs 2022-2024'!$B:$B,'MTC Regional PCI AggregateStats'!$A9,'MTC Regional PCIs 2022-2024'!$H:$H) -> 74.666667 | C9: Good
A10: Sonoma County | B10: =AVERAGEIF('MTC Regional PCIs 2022-2024'!$B:$B,'MTC Regional PCI AggregateStats'!$A10,'MTC Regional PCIs 2022-2024'!$H:$H) -> 61.8 | C10: Fair
A12: Ranking | B12: Lane Mileage per Rank | C12: Percentage of Region
A13: Excellent or Very Good | B13: =SUMIF('MTC Regional PCIs 2022-2024'!$F:$F,">79.99",'MTC Regional PCIs 2022-2024'!$C:$C) -> 2472.6 | C13: =B13/$B$17 -> 0.014014369
A14: Good or Fair | B14: =SUMIFS('MTC Regional PCIs 2022-2024'!$C:$C,'MTC Regional PCIs 2022-2024'!$F:$F,">59.99",'MTC Regional PCIs 2022-2024'!$F:$F,"<79.99") -> 33896.2 | C14: =B14/$B$17 -> 0.19211917
A15: At Risk | B15: =SUMIFS('MTC Regional PCIs 2022-2024'!$C:$C,'MTC Regional PCIs 2022-2024'!$F:$F,">49.99",'MTC Regional PCIs 2022-2024'!$F:$F,"<59.99") -> 6995.1 | C15: =B15/$B$17 -> 0.0396473
A16: Poor or Failed | B16: =SUMIF('MTC Regional PCIs 2022-2024'!$F:$F,"<49.99",'MTC Regional PCIs 2022-2024'!$C:$C) -> 744.4 | C16: =B16/$B$17 -> 0.0042191606
A17: Total Region Lane Miles | B17: =SUM('MTC Regional PCIs 2022-2024'!$C:$C) -> 176433.2 | C17: =SUM($C$13:$C$16) -> 0.25
A19: Category | B19: % of Lane Miles
A20: Excellent of Very Good | B20: 0.3546
A21: Good or Fair | B21: 0.3519
A22: At Risk | B22: 0.0885
A23: Poor or Failed | B23: 0.2021
